{
  "project_info": {
    "project_number": "382379833131",
    "firebase_url": "https://mobomark-11ec0.firebaseio.com",
    "project_id": "mobomark-11ec0",
    "storage_bucket": "mobomark-11ec0.appspot.com"
  },
  "client": [
    {
      "client_info": {
        "mobilesdk_app_id": "1:382379833131:android:eacaac8f7dc3665b",
        "android_client_info": {
          "package_name": "com.example.admin.mobomark"
        }
      },
      "oauth_client": [
        {
          "client_id": "382379833131-q7531rfvu82aijrefd9gscqf1e43br2m.apps.googleusercontent.com",
          "client_type": 1,
          "android_info": {
            "package_name": "com.example.admin.mobomark",
            "certificate_hash": "1a8afa60892e2ea51a104e44c75ee06066e9f173"
          }
        },
        {
          "client_id": "382379833131-tvsuulh2th8su4vdlqriqfdhi20u12q7.apps.googleusercontent.com",
          "client_type": 3
        }
      ],
      "api_key": [
        {
          "current_key": "AIzaSyAiwWnFxiwCIJ8Z6LTtfn0lsrEMZf625RE"
        }
      ],
      "services": {
        "analytics_service": {
          "status": 1
        },
        "appinvite_service": {
          "status": 2,
          "other_platform_oauth_client": [
            {
              "client_id": "382379833131-tvsuulh2th8su4vdlqriqfdhi20u12q7.apps.googleusercontent.com",
              "client_type": 3
            }
          ]
        },
        "ads_service": {
          "status": 2
        }
      }
    }
  ],
  "configuration_version": "1"
}